start_sec,file,end_sec
25,6230.220917120000.npz,
50,6230.220917120000.npz,
65,6230.220917120000.npz,
70,6230.220917120000.npz,
115,6230.220917120000.npz,
120,6230.220917120000.npz,
145,6230.220917120000.npz,
180,6230.220917120000.npz,
185,6230.220917120000.npz,
200,6230.220917120000.npz,
205,6230.220917120000.npz,
210,6230.220917120000.npz,
215,6230.220917120000.npz,
220,6230.220917120000.npz,
225,6230.220917120000.npz,
230,6230.220917120000.npz,
235,6230.220917120000.npz,
255,6230.220917120000.npz,
0,6230.221003000000.npz,
5,6230.221003000000.npz,
15,6230.221003000000.npz,
20,6230.221003000000.npz,
25,6230.221003000000.npz,
30,6230.221003000000.npz,
35,6230.221003000000.npz,
45,6230.221003000000.npz,
55,6230.221003000000.npz,
60,6230.221003000000.npz,
65,6230.221003000000.npz,
100,6230.221003000000.npz,
105,6230.221003000000.npz,
120,6230.221003000000.npz,
125,6230.221003000000.npz,
135,6230.221003000000.npz,
140,6230.221003000000.npz,
165,6230.221003000000.npz,
170,6230.221003000000.npz,
175,6230.221003000000.npz,
190,6230.221003000000.npz,
205,6230.221003000000.npz,
210,6230.221003000000.npz,
215,6230.221003000000.npz,
230,6230.221003000000.npz,
260,6230.221003000000.npz,
75,6230.220915010000.npz,
100,6230.220915010000.npz,
125,6230.220915010000.npz,
165,6230.220915010000.npz,
170,6230.220915010000.npz,
180,6230.220915010000.npz,
220,6230.220915010000.npz,
20,6230.220917074000.npz,
35,6230.220917074000.npz,
50,6230.220917074000.npz,
85,6230.220917074000.npz,
105,6230.220917074000.npz,
135,6230.220917074000.npz,
145,6230.220917074000.npz,
155,6230.220917074000.npz,
185,6230.220917074000.npz,
200,6230.220917074000.npz,
245,6230.220917074000.npz,
25,6230.220917080000.npz,
20,6230.220917150000.npz,
25,6230.220917150000.npz,
